Password,Username,First Name, Last Name
10001,mGarcia,Manuel III,Garcia
10002,aLim,Antonio,Lim
10003,bsAquino,Bianca Sofia,Aquino
10004,iReyes,Isabella,Reyes
10005,eHernandez,Eduard,Hernandez
10006,amVillanueva,Andrea Mae,Villanueva
10007,bSanJose,Brad,San Jose
10008,aRomualdez,Alice,Romualdez
10009,rAtienza,Rosie,Atienza
10010,rAlvaro,Roderick,Alvaro
10011,aSalcedo,Anthony,Salcedo
10012,jLopez,Josie,Lopez
10013,mFarala,Martha,Farala
10014,lMartinez,Leila,Martinez
10015,fRomualdez,Fredrick,Romualdez
10016,cMata,Christian,Mata
10017,sDeLeon,Selena,De Leon
10018,aSanJose,Allison,San Jose
10019,cRosario,Cydney,Rosario
10020,mBautista,Mark,Bautista
10021,dLazaro,Darlene,Lazaro
10022,kDelosSantos,Kolby,Delos Santos
10023,vSantos,Vella,Santos
10024,tDelRosario,Tomas,Del Rosario
10025,jTolentino,Jacklyn,Tolentino
10026,pGutierrez,Percival,Gutierrez
10027,gManalaysay,Garfield,Manalaysay
10028,lVillegas,Lizeth,Villegas
10029,cRamos,Carol,Ramos
10030,eMaceda,Emelia,Maceda
10031,dAguilar,Delia,Aguilar
10032,jrCastro,John Rafael,Castro
10033,ciMartinez,Carlos Ian,Martinez
10034,bSantos,Beatriz,Santos