Date,Holiday Name,Type of Holiday
1/1/2024,New Years Day,Regular Holiday
1/23/2024,First Philippine Republic Day,Special Working Day
2/9/2024,Lunar New Year Holiday,Special Non working Holiday
2/10/2024,Lunar New Years Day,Special Non working Holiday
3/28/2024,Maundy Thursday,Regular Holiday
3/29/2024,Good Friday,Regular Holiday
3/30/2024,Black Saturday,Special Non working Holiday
4/9/2024,The Day of Valor,Regular Holiday
4/10/2024,Eidul Fitar,Regular Holiday
5/1/2024,Labor Day,Regular Holiday
6/12/2024,Independence Day,Regular Holiday
6/17/2024,Eid al Adha (Feast of the Sacrifice),Regular Holiday
8/23/2024,Ninoy Aquino Day Holiday,Special Non working Holiday
8/26/2024,National Heroes Day,Regular Holiday
9/3/2024,Yamashita Surrender Day,Special Working Day
9/8/2024,Feast of the Nativity of Mary,Special Working Day
11/1/2024,All Saints Day,Special Non working Holiday
11/2/2024,All Souls Day,Special Non working Holiday
11/30/2024,Bonifacio Day,Regular Holiday
12/8/2024,Feast of the Immaculate Conception,Special Non working Holiday
12/24/2024,Christmas Eve,Special Non working Holiday
12/25/2024,Christmas Day,Regular Holiday
12/30/2024,Rizal Day,Regular Holiday
12/31/2024,New Years Eve,Special Non working Holiday
